"V1","Pexc","Nexc","Cexc","Pwst","Nwst","Cwst"
200,7.59057499834596,173.202911626403,954.023887613594,144.472517400784,1653.43205802232,10468.2286887518
201,7.90307821574823,180.333658263975,993.30095613908,150.420436566827,1721.50369133081,10899.2046222549
202,8.5372347505895,194.803939933723,1073.00512648937,162.490430083081,1859.64009664127,11773.775472636
203,8.48889585453047,193.700935544194,1066.92963661525,161.570388847266,1849.11058070725,11707.1108762624
204,8.63391185650123,197.009933054821,1085.15601999154,164.330499494045,1880.69897903504,11907.1037190298
205,8.45107903915747,192.838025615437,1062.17661787462,160.850615902765,1840.87305787353,11654.9573738346
206,8.77954157617166,200.332934470623,1103.45953867653,167.10229111902,1912.42106163831,12107.9429452704
207,8.44271681499028,192.647215094002,1061.12560901023,160.691456474557,1839.05153980442,11643.4249569956
