"V1","Pexc","Nexc","Cexc","Pwst","Nwst","Cwst"
200,18.1254526036143,386.066761984402,2942.20378514258,307.182497438504,3515.5848189396,22257.9123713028
201,18.3641874595915,391.151743575513,2980.9562848601,311.228474710821,3561.88946323067,22551.076885344
202,18.7110807573495,398.540467882061,3037.26554212525,317.107475466297,3629.17235199821,22977.059110039
203,18.760510201323,399.593300371206,3045.28914850555,317.945184757138,3638.75961068033,23037.7580761052
204,18.8799370986278,402.137057845549,3064.67505168724,319.969181254093,3661.92346740269,23184.4133609756
205,18.8767661149656,402.06951683449,3064.16032356776,319.915440765401,3661.30842830449,23180.5194181304
206,19.0642409342531,406.062674854804,3094.59206698346,323.092684636491,3697.67075497484,23410.7370127352
207,19.0018608436946,404.733997436321,3084.46625426184,322.035493269895,3685.57160886425,23334.1347551403
